<?xml version="1.0"?>
<doc>
    <assembly>
        <name>Mst.DexterCfg</name>
    </assembly>
    <members>
        <member name="T:Mst.DexterCfg.AppCfgValues">
             <summary>   An application configuration values. </summary>
            
             <remarks>   Msacli, 22.04.2019. </remarks>
        </member>
        <member name="T:Mst.DexterCfg.Configuraton.DxCfgConfiguratonHelper">
             <summary>   A dx configuration configuraton helper. </summary>
            
             <remarks>   Msacli, 22.04.2019. </remarks>
        </member>
        <member name="M:Mst.DexterCfg.Configuraton.DxCfgConfiguratonHelper.GetMainNode">
            <summary>
            Get Connection Main Node.
            </summary>
            <returns>Returns XmlNode object.</returns>
        </member>
        <member name="M:Mst.DexterCfg.Configuraton.DxCfgConfiguratonHelper.GetSettingNode">
            <summary>
            Get Setting Main Node.
            </summary>
            <returns>Returns XmlNode object.</returns>
        </member>
        <member name="M:Mst.DexterCfg.Configuraton.DxCfgConfiguratonHelper.GetConnectionNodeList">
            <summary>
            Get Connection List as XmlNodeList.
            </summary>
            <returns>Returns XmlNodeList object</returns>
        </member>
        <member name="P:Mst.DexterCfg.Configuraton.DxCfgConfiguratonHelper.IsWriteEventLog">
            <summary>
            Checks events will be logged.
            </summary>
        </member>
        <member name="P:Mst.DexterCfg.Configuraton.DxCfgConfiguratonHelper.IsWriteErrorLog">
            <summary>
            Checks erors will be logged.
            </summary>
        </member>
        <member name="P:Mst.DexterCfg.Configuraton.DxCfgConfiguratonHelper.IsWriteSettingEventLog">
            <summary>
            Checks events will be logged.
            </summary>
        </member>
        <member name="P:Mst.DexterCfg.Configuraton.DxCfgConfiguratonHelper.IsWriteSettingErrorLog">
            <summary>
            Checks erors will be logged.
            </summary>
        </member>
        <member name="T:Mst.DexterCfg.Factory.DxCfgConnectionFactory">
            <summary>
            Dexter Connection Factory class. Generates IDbConnection object instance with given connection name.
            </summary>
        </member>
        <member name="M:Mst.DexterCfg.Factory.DxCfgConnectionFactory.#ctor">
            <summary>
            private DxCfgConnectionFactory Ctor.
            </summary>
        </member>
        <member name="P:Mst.DexterCfg.Factory.DxCfgConnectionFactory.Instance">
            <summary>
            Gets DxCfgConnectionFactory instance for IDbConnection object list.
            </summary>
        </member>
        <member name="M:Mst.DexterCfg.Factory.DxCfgConnectionFactory.GetConnection(System.String)">
            <summary>
            Get IDbConnection from configuration file for given conection name.
            </summary>
            <param name="connName">Connection name</param>
            <returns>Returns IDbConnection instance for given name.</returns>
        </member>
        <member name="P:Mst.DexterCfg.Factory.DxCfgConnectionFactory.ConnectionKeys">
            <summary>
            Connection Name List in configuration file.
            </summary>
        </member>
        <member name="P:Mst.DexterCfg.Factory.DxCfgConnectionFactory.SettingKeys">
            <summary>
            Setting Key List in configuration file.
            </summary>
        </member>
        <member name="P:Mst.DexterCfg.Factory.DxCfgConnectionFactory.Item(System.String)">
            <summary>
            Gets setting value with given key.
            </summary>
            <param name="key">setting key</param>
            <returns>return string.</returns>
        </member>
        <member name="P:Mst.DexterCfg.Factory.DxCfgConnectionFactory.Errors">
            <summary>
            Error List.
            </summary>
        </member>
        <member name="P:Mst.DexterCfg.Factory.DxCfgConnectionFactory.ErrorFileName">
             <summary>   Gets the filename of the error file. </summary>
            
             <value> The filename of the error file. </value>
        </member>
        <member name="P:Mst.DexterCfg.Factory.DxCfgConnectionFactory.EventFileName">
             <summary>   Gets the filename of the event file. </summary>
            
             <value> The filename of the event file. </value>
        </member>
        <member name="M:Mst.DexterCfg.Factory.DxCfgConnectionFactory.AddTypes">
             <summary>   Adds types. </summary>
            
             <remarks>   Msacli, 22.04.2019. </remarks>
        </member>
        <member name="M:Mst.DexterCfg.Factory.DxCfgConnectionFactory.AddSettings">
             <summary>   Adds settings. </summary>
            
             <remarks>   Msacli, 22.04.2019. </remarks>
        </member>
        <member name="M:Mst.DexterCfg.Factory.DxCfgConnectionFactory.LogError(System.Exception)">
             <summary>   Logs an error. </summary>
            
             <remarks>   Msacli, 22.04.2019. </remarks>
            
             <param name="e">    An Exception to process. </param>
        </member>
        <member name="M:Mst.DexterCfg.Factory.DxCfgConnectionFactory.LogEvent(System.String[])">
             <summary>   Logs an event. </summary>
            
             <remarks>   Msacli, 22.04.2019. </remarks>
            
             <param name="messages"> A variable-length parameters list containing messages. </param>
        </member>
        <member name="P:Mst.DexterCfg.Factory.DxCfgConnectionFactory.AssemblyDirectory">
             <summary>   Gets the pathname of the assembly directory. </summary>
            
             <value> The pathname of the assembly directory. </value>
        </member>
        <member name="T:Mst.DexterCfg.Factory.CfgFileOperator">
             <summary>   A configuration file operator. </summary>
            
             <remarks>   Msacli, 22.04.2019. </remarks>
        </member>
        <member name="M:Mst.DexterCfg.Factory.CfgFileOperator.#ctor">
             <summary>
             Constructor that prevents a default instance of this class from being created.
             </summary>
            
             <remarks>   Msacli, 22.04.2019. </remarks>
        </member>
        <member name="P:Mst.DexterCfg.Factory.CfgFileOperator.Instance">
             <summary>   Gets the instance. </summary>
            
             <value> The instance. </value>
        </member>
        <member name="M:Mst.DexterCfg.Factory.CfgFileOperator.Write(System.String,System.Collections.Generic.List{System.String},System.Boolean)">
             <summary>   Writes the given file. </summary>
            
             <remarks>   Msacli, 22.04.2019. </remarks>
            
             <param name="filePath">     Full pathname of the file. </param>
             <param name="rows">         The rows. </param>
             <param name="writeLine">    (Optional) True to write line. </param>
        </member>
    </members>
</doc>
