<?xml version="1.0"?>
<doc>
    <assembly>
        <name>SI.CommandHandler.Core</name>
    </assembly>
    <members>
        <member name="T:SI.CommandHandler.Core.ICommandHandler`2">
            <summary>
            Defines the <see cref="T:SI.CommandHandler.Core.ICommandHandler`2" />.
            </summary>
            <typeparam name="TCommand">.</typeparam>
            <typeparam name="TCommandResult">.</typeparam>
        </member>
        <member name="M:SI.CommandHandler.Core.ICommandHandler`2.Handle(`0)">
            <summary>
            The Handle.
            </summary>
            <param name="command">.</param>
            <returns>.</returns>
        </member>
    </members>
</doc>
