<?xml version="1.0"?>
<doc>
    <assembly>
        <name>SI.CommandHandler.Factory</name>
    </assembly>
    <members>
        <member name="T:SI.CommandHandler.Factory.CommandHandlerFactory">
            <summary>
            Defines the <see cref="T:SI.CommandHandler.Factory.CommandHandlerFactory" />.
            </summary>
        </member>
        <member name="F:SI.CommandHandler.Factory.CommandHandlerFactory.commandHandlerRegs">
            <summary>
            Defines the commandHandlerRegs.
            </summary>
        </member>
        <member name="F:SI.CommandHandler.Factory.CommandHandlerFactory.commandHandlerInstances">
            <summary>
            Defines the commandHandlerInstances.
            </summary>
        </member>
        <member name="M:SI.CommandHandler.Factory.CommandHandlerFactory.#cctor">
            <summary>
            Initializes static members of the <see cref="T:SI.CommandHandler.Factory.CommandHandlerFactory"/> class.
            </summary>
        </member>
        <member name="M:SI.CommandHandler.Factory.CommandHandlerFactory.GetCommandHandler``2">
            <summary>
            The GetCommandHandler.
            </summary>
            <typeparam name="TCommand">.</typeparam>
            <typeparam name="TCommandResult">.</typeparam>
            <returns>.</returns>
        </member>
    </members>
</doc>
