<?xml version="1.0"?>
<doc>
    <assembly>
        <name>SI.QueryHandler.Factory</name>
    </assembly>
    <members>
        <member name="T:SI.QueryHandler.Factory.QueryHandlerFactory">
            <summary>
            Defines the <see cref="T:SI.QueryHandler.Factory.QueryHandlerFactory" />.
            </summary>
        </member>
        <member name="F:SI.QueryHandler.Factory.QueryHandlerFactory.queryHandlerRegs">
            <summary>
            Defines the queryHandlerRegs.
            </summary>
        </member>
        <member name="F:SI.QueryHandler.Factory.QueryHandlerFactory.queryHandlerInstances">
            <summary>
            Defines the queryHandlerInstances.
            </summary>
        </member>
        <member name="M:SI.QueryHandler.Factory.QueryHandlerFactory.#cctor">
            <summary>
            Initializes static members of the <see cref="T:SI.QueryHandler.Factory.QueryHandlerFactory"/> class.
            </summary>
        </member>
        <member name="M:SI.QueryHandler.Factory.QueryHandlerFactory.GetQueryHandler``2">
            <summary>
            The GetQueryHandler.
            </summary>
            <typeparam name="TQuery">.</typeparam>
            <typeparam name="TQueryResult">.</typeparam>
            <returns>.</returns>
        </member>
    </members>
</doc>
