<?xml version="1.0"?>
<doc>
    <assembly>
        <name>SI.QueryHandler.Core</name>
    </assembly>
    <members>
        <member name="T:SI.QueryHandler.Core.IQueryHandler`2">
            <summary>
            Defines the <see cref="T:SI.QueryHandler.Core.IQueryHandler`2" />.
            </summary>
            <typeparam name="TQuery">.</typeparam>
            <typeparam name="TResult">.</typeparam>
        </member>
        <member name="M:SI.QueryHandler.Core.IQueryHandler`2.Handle(`0)">
            <summary>
            The Handle.
            </summary>
            <param name="query">The query<see cref="!:TQuery"/>.</param>
            <returns>The <see cref="!:TResult"/>.</returns>
        </member>
    </members>
</doc>
