<?xml version="1.0"?>
<doc>
    <assembly>
        <name>SI.QueryBus</name>
    </assembly>
    <members>
        <member name="T:SI.QueryBus.QueryBus">
            <summary>
            Defines the <see cref="T:SI.QueryBus.QueryBus" />.
            </summary>
        </member>
        <member name="M:SI.QueryBus.QueryBus.Send``2(``0)">
            <summary>
            The Send.
            </summary>
            <typeparam name="TQuery">.</typeparam>
            <typeparam name="TQueryResult">.</typeparam>
            <param name="query">The query<see cref="!:TQuery"/>.</param>
            <returns>The <see cref="!:TQueryResult"/>.</returns>
        </member>
    </members>
</doc>
