<?xml version="1.0"?>
<doc>
    <assembly>
        <name>SimpleFileLogging</name>
    </assembly>
    <members>
        <member name="T:SimpleFileLogging.AppLoggingValues">
             <summary>   An application logging values. </summary>
            
             <remarks>   Msacli, 29.04.2019. </remarks>
        </member>
        <member name="F:SimpleFileLogging.AppLoggingValues.LogFileNameFormat">
            <summary>   The log file name format. </summary>
        </member>
        <member name="F:SimpleFileLogging.AppLoggingValues.ErrorLogFileNameFormat">
            <summary>   The error log file name format. </summary>
        </member>
        <member name="F:SimpleFileLogging.AppLoggingValues.InfoLogFileNameFormat">
            <summary>   The ınfo log file name format. </summary>
        </member>
        <member name="F:SimpleFileLogging.AppLoggingValues.DebugLogFileNameFormat">
            <summary>   The debug log file name format. </summary>
        </member>
        <member name="F:SimpleFileLogging.AppLoggingValues.LogFileDateFormat">
            <summary>   The log file date format. </summary>
        </member>
        <member name="F:SimpleFileLogging.AppLoggingValues.ErrorFileDateFormat">
            <summary>   The error file date format. </summary>
        </member>
        <member name="F:SimpleFileLogging.AppLoggingValues.GeneralDateFormat">
            <summary>   The general date format. </summary>
        </member>
        <member name="F:SimpleFileLogging.AppLoggingValues.Lines">
            <summary>   The lines. </summary>
        </member>
        <member name="F:SimpleFileLogging.AppLoggingValues.ErrorFolderName">
            <summary>   Pathname of the error folder. </summary>
        </member>
        <member name="F:SimpleFileLogging.AppLoggingValues.EventFolderName">
            <summary>   Pathname of the event folder. </summary>
        </member>
        <member name="F:SimpleFileLogging.AppLoggingValues.InfoFolderName">
            <summary>   Pathname of the ınfo folder. </summary>
        </member>
        <member name="F:SimpleFileLogging.AppLoggingValues.DebugFolderName">
            <summary>   Pathname of the debug folder. </summary>
        </member>
        <member name="F:SimpleFileLogging.AppLoggingValues.StaticFolderName">
            <summary>   Pathname of the static folder. </summary>
        </member>
        <member name="P:SimpleFileLogging.AppLoggingValues.AssemblyDirectory">
             <summary>   Gets the pathname of the assembly directory. </summary>
            
             <value> The pathname of the assembly directory. </value>
        </member>
        <member name="T:SimpleFileLogging.Enums.SimpleLogDateFormats">
             <summary>   Values that represent simple log date format types. </summary>
            
             <remarks>   Msacli, 17.05.2019. </remarks>
        </member>
        <member name="F:SimpleFileLogging.Enums.SimpleLogDateFormats.None">
            <summary>   An enum constant representing the none option. </summary>
        </member>
        <member name="F:SimpleFileLogging.Enums.SimpleLogDateFormats.Second">
            <summary>   An enum constant representing the second option. </summary>
        </member>
        <member name="F:SimpleFileLogging.Enums.SimpleLogDateFormats.Minute">
            <summary>   An enum constant representing the minute option. </summary>
        </member>
        <member name="F:SimpleFileLogging.Enums.SimpleLogDateFormats.Hour">
            <summary>   An enum constant representing the hour option. </summary>
        </member>
        <member name="F:SimpleFileLogging.Enums.SimpleLogDateFormats.Day">
            <summary>   An enum constant representing the day option. </summary>
        </member>
        <member name="F:SimpleFileLogging.Enums.SimpleLogDateFormats.Month">
            <summary>   An enum constant representing the month option. </summary>
        </member>
        <member name="F:SimpleFileLogging.Enums.SimpleLogDateFormats.Year">
            <summary>   An enum constant representing the year option. </summary>
        </member>
        <member name="T:SimpleFileLogging.Interfaces.ISimpleLogger">
             <summary>   Interface for simple logger. </summary>
            
             <remarks>   Msacli, 29.04.2019. </remarks>
        </member>
        <member name="P:SimpleFileLogging.Interfaces.ISimpleLogger.LogDateFormatType">
             <summary>   Gets or sets the type of the simple log date format. </summary>
            
             <value> The type of the simple log date format. </value>
        </member>
        <member name="P:SimpleFileLogging.Interfaces.ISimpleLogger.EnableMethodGrouping">
            <summary>
            Enables Method Grouping
            if it is true AssemblyFolder\ClassName\MethodName\Error-Info-Debug\logfile.
            else AssemblyFolder\Error-Info-Debug\ClassName\MethodName\logfile.
            </summary>
        </member>
        <member name="M:SimpleFileLogging.Interfaces.ISimpleLogger.LogError(System.Exception)">
             <summary>   Logs an error. </summary>
            
             <param name="e">    An Exception to process. </param>
        </member>
        <member name="M:SimpleFileLogging.Interfaces.ISimpleLogger.LogError(System.String[])">
             <summary>   Logs an error. </summary>
            
             <param name="messages"> A variable-length parameters list containing messages. </param>
        </member>
        <member name="M:SimpleFileLogging.Interfaces.ISimpleLogger.Error(System.Exception,System.String[])">
             <summary>   Errors. </summary>
            
             <param name="e">        An Exception to process. </param>
             <param name="messages"> A variable-length parameters list containing messages. </param>
        </member>
        <member name="M:SimpleFileLogging.Interfaces.ISimpleLogger.Error(System.String[])">
             <summary>   Logs an error. </summary>
            
             <param name="messages"> A variable-length parameters list containing messages. </param>
        </member>
        <member name="M:SimpleFileLogging.Interfaces.ISimpleLogger.Debug(System.String[])">
             <summary>   Debugs the given dictionary. </summary>
            
             <param name="messages"> A variable-length parameters list containing messages. </param>
        </member>
        <member name="M:SimpleFileLogging.Interfaces.ISimpleLogger.Debug(System.Collections.Generic.Dictionary{System.String,System.String})">
             <summary>   Debugs the given dictionary. </summary>
            
             <param name="dictionary">   The dictionary. </param>
        </member>
        <member name="M:SimpleFileLogging.Interfaces.ISimpleLogger.Info(System.String[])">
             <summary>   Infoes the given dictionary. </summary>
            
             <param name="messages"> A variable-length parameters list containing messages. </param>
        </member>
        <member name="M:SimpleFileLogging.Interfaces.ISimpleLogger.Info(System.Collections.Generic.Dictionary{System.String,System.String})">
             <summary>   Infoes the given dictionary. </summary>
            
             <param name="dictionary">   The dictionary. </param>
        </member>
        <member name="T:SimpleFileLogging.LoggingFileOperator">
             <summary>   A logging file operator. </summary>
            
             <remarks>   Msacli, 29.04.2019. </remarks>
        </member>
        <member name="F:SimpleFileLogging.LoggingFileOperator.lazyOp">
            <summary>   The lazy operation. </summary>
        </member>
        <member name="M:SimpleFileLogging.LoggingFileOperator.#ctor">
             <summary>
             Constructor that prevents a default instance of this class from being created.
             </summary>
            
             <remarks>   Msacli, 29.04.2019. </remarks>
        </member>
        <member name="P:SimpleFileLogging.LoggingFileOperator.Instance">
             <summary>   Gets the ınstance. </summary>
            
             <value> The instance. </value>
        </member>
        <member name="M:SimpleFileLogging.LoggingFileOperator.Write(System.String,System.Collections.Generic.List{System.String},System.Boolean)">
             <summary>   Writes the given file. </summary>
            
             <remarks>   Msacli, 29.04.2019. </remarks>
            
             <param name="filePath">     Full pathname of the file. </param>
             <param name="rows">         The rows. </param>
             <param name="writeLine">    (Optional) True to write line. </param>
        </member>
        <member name="T:SimpleFileLogging.SimpleFileLogger">
             <summary>   Simple Logger for file logging. </summary>
            
             <remarks>   Msacli, 29.04.2019. </remarks>
            <summary>
            Simple Logger for file logging.
            </summary>
            <summary>
            Simple Logger for file logging.
            </summary>
            <summary>
            Simple Logger for file logging.
            </summary>
        </member>
        <member name="M:SimpleFileLogging.SimpleFileLogger.Log(SimpleFileLogging.SimpleLogType,System.Collections.Generic.Dictionary{System.String,System.String})">
             <summary>   Logs. </summary>
            
             <remarks>   Msacli, 29.04.2019. </remarks>
            
             <param name="logType">      Log Type. </param>
             <param name="dictionary">   The dictionary. </param>
        </member>
        <member name="M:SimpleFileLogging.SimpleFileLogger.Log(SimpleFileLogging.SimpleLogType,System.String[])">
             <summary>   Logs. </summary>
            
             <remarks>   Msacli, 29.04.2019. </remarks>
            
             <param name="logType">  Log Type. </param>
             <param name="messages"> A variable-length parameters list containing messages. </param>
        </member>
        <member name="M:SimpleFileLogging.SimpleFileLogger.GetLogFileName(SimpleFileLogging.SimpleLogType)">
             <summary>   Gets Log File Name. </summary>
            
             <remarks>   Msacli, 29.04.2019. </remarks>
            
             <param name="logType">  Log Type. </param>
            
             <returns>   returns Log File Name. </returns>
        </member>
        <member name="M:SimpleFileLogging.SimpleFileLogger.GetFileDateFormat(SimpleFileLogging.Enums.SimpleLogDateFormats)">
             <summary>   Gets file date format. </summary>
            
             <remarks>   Msacli, 17.05.2019. </remarks>
            
             <param name="simpleLogDateFormatType">  Type of the simple log date format. </param>
            
             <returns>   The file date format. </returns>
        </member>
        <member name="M:SimpleFileLogging.SimpleFileLogger.BuildLogFolderName(SimpleFileLogging.SimpleLogType,System.String,System.String,System.String)">
             <summary>   Builds log folder name. </summary>
            
             <remarks>   Msacli, 29.04.2019. </remarks>
            
             <param name="logType">      Log Type. </param>
             <param name="assemblyName"> Name of the assembly. </param>
             <param name="className">    Name of the class. </param>
             <param name="methodName">   Name of the method. </param>
            
             <returns>   A string. </returns>
        </member>
        <member name="M:SimpleFileLogging.SimpleFileLogger.GetLogTypeFolderName(SimpleFileLogging.SimpleLogType)">
             <summary>   Gets log type folder name. </summary>
            
             <remarks>   Msacli, 29.04.2019. </remarks>
            
             <param name="logType">  Log Type. </param>
            
             <returns>   The log type folder name. </returns>
        </member>
        <member name="M:SimpleFileLogging.SimpleFileLogger.DictionaryToList(System.Collections.Generic.Dictionary{System.String,System.String})">
             <summary>   Dictionary to list. </summary>
            
             <remarks>   Msacli, 29.04.2019. </remarks>
            
             <param name="dictionary">   The dictionary. </param>
            
             <returns>   A List&lt;string&gt; </returns>
        </member>
        <member name="P:SimpleFileLogging.SimpleFileLogger.Instance">
             <summary>   Gets the instance. </summary>
            
             <value> The instance. </value>
        </member>
        <member name="P:SimpleFileLogging.SimpleFileLogger.LogDateFormatType">
             <summary>   Gets or sets the type of the simple log date format. </summary>
            
             <value> The type of the simple log date format. </value>
        </member>
        <member name="P:SimpleFileLogging.SimpleFileLogger.EnableMethodGrouping">
            <summary>
            Enables Method Grouping if it is true
            AssemblyFolder\ClassName\MethodName\Error-Info-Debug\logfile. else AssemblyFolder\Error-Info-Debug\ClassName\MethodName\logfile.
            </summary>
        </member>
        <member name="M:SimpleFileLogging.SimpleFileLogger.#ctor">
             <summary>
             Constructor that prevents a default instance of this class from being created.
             </summary>
            
             <remarks>   Msacli, 29.04.2019. </remarks>
        </member>
        <member name="M:SimpleFileLogging.SimpleFileLogger.LogError(System.Exception)">
            <summary>
            Logs exception details to error log file.
            </summary>
            <param name="e">Exception to log</param>
        </member>
        <member name="M:SimpleFileLogging.SimpleFileLogger.LogError(System.String[])">
            <summary>
            Log Messages to error log files.
            </summary>
            <param name="messages">Messages to log</param>
        </member>
        <member name="M:SimpleFileLogging.SimpleFileLogger.Error(System.Exception,System.String[])">
            <summary>
            Logs exception details to error log file.
            </summary>
            <param name="e">Exception to log</param>
            <param name="messages">messages to write.</param>
        </member>
        <member name="M:SimpleFileLogging.SimpleFileLogger.Error(System.String[])">
            <summary>
            Log Messages to error log files.
            </summary>
            <param name="messages">Messages to log</param>
        </member>
        <member name="M:SimpleFileLogging.SimpleFileLogger.Info(System.String[])">
            <summary>
            Logs info to info log file.
            </summary>
            <param name="messages">Messages to log</param>
        </member>
        <member name="M:SimpleFileLogging.SimpleFileLogger.Info(System.Collections.Generic.Dictionary{System.String,System.String})">
            <summary>
            Logs info dictionary to log file.
            </summary>
            <param name="dictionary">Dictionary for logging</param>
        </member>
        <member name="M:SimpleFileLogging.SimpleFileLogger.Debug(System.String[])">
            <summary>
            Logs debug info to debug log file.
            </summary>
            <param name="messages">Messages to log</param>
        </member>
        <member name="M:SimpleFileLogging.SimpleFileLogger.Debug(System.Collections.Generic.Dictionary{System.String,System.String})">
            <summary>
            Logs debug info dictionary to debug log file.
            </summary>
            <param name="dictionary">Dictionary for logging</param>
        </member>
        <member name="T:SimpleFileLogging.LoggingStringExtension">
             <summary>   A logging string extension. </summary>
            
             <remarks>   Msacli, 29.04.2019. </remarks>
        </member>
        <member name="M:SimpleFileLogging.LoggingStringExtension.NormalizeString(System.String)">
             <summary>   A string extension method that normalize string. </summary>
            
             <remarks>   Msacli, 29.04.2019. </remarks>
            
             <param name="s">    The s to act on. </param>
            
             <returns>   A string. </returns>
        </member>
        <member name="T:SimpleFileLogging.SimpleFileLogOptions">
            <summary>
            Defining Logging Options
            </summary>
        </member>
        <member name="P:SimpleFileLogging.SimpleFileLogOptions.EnableMethodGrouping">
            <summary>
            Enables Method Grouping
            if it is true AssemblyFolder\ClassName\MethodName\Error-Info-Debug\logfile.
            else AssemblyFolder\Error-Info-Debug\ClassName\MethodName\logfile.
            </summary>
        </member>
        <member name="T:SimpleFileLogging.SimpleLogType">
            <summary>
            Defines Log Type
            </summary>
        </member>
        <member name="F:SimpleFileLogging.SimpleLogType.Error">
            <summary>
            Logging for error
            </summary>
        </member>
        <member name="F:SimpleFileLogging.SimpleLogType.Info">
            <summary>
            Logging for info
            </summary>
        </member>
        <member name="F:SimpleFileLogging.SimpleLogType.Debug">
            <summary>
            Logging for debug
            </summary>
        </member>
    </members>
</doc>
